fund_id,asset_type,asset_percent,update_date
32,Cổ phiếu,94.75,2026-09-09
32,Khác,0.46,2026-09-09
32,Tiền và tương đương tiền,4.79,2026-09-09
21,Trái phiếu,76.42,2026-09-09
21,Tiền và tương đương tiền,23.58,2026-09-09
23,Cổ phiếu,88.91,2026-09-09
23,Khác,0.27,2026-09-09
23,Tiền và tương đương tiền,10.82,2026-09-09
27,Trái phiếu,73.8,2026-09-09
27,Tiền và tương đương tiền,26.2,2026-09-09
28,Cổ phiếu,90.07,2026-09-09
28,Trái phiếu,0.84,2026-09-09
28,Khác,0.12,2026-09-09
28,Tiền và tương đương tiền,8.97,2026-09-09
