deposit_type,bank_name,Kỳ hạn gửi tiết kiệm (tháng),Không Kỳ Hạn,01 tháng,03 tháng,06 tháng,09 tháng,12 tháng,13 tháng,18 tháng,24 tháng,web_update_time,scrape_date
OTC,ABBank,"0,10","3,60","3,80","6,05","6,05","6,05","6,05","5,60","5,60","5,60",2026-10-06 18:50:22,2026-10-06 21:46:55
OTC,Agribank,"0,20","2,60","2,90","4,00","4,00","5,90","5,90","5,90","6,00",-,2026-10-06 18:50:22,2026-10-06 21:46:55
OTC,Bắc Á,"<span class=""text-green"">0,50</span>","<span class=""text-green"">4,75</span>","<span class=""text-green"">4,75</span>","<span class=""text-green"">7,05</span>","<span class=""text-green"">7,05</span>","7,10","6,95","6,95","6,95","6,95",2026-10-06 18:50:22,2026-10-06 21:46:55
OTC,Bảo Việt,"0,30","3,90","4,20","5,50","5,40","5,80","5,80","5,75","5,75","5,75",2026-10-06 18:50:22,2026-10-06 21:46:55
OTC,BIDV,"0,10","2,10","2,40","3,50","3,50","5,90","5,90","5,90","6,00","6,00",2026-10-06 18:50:22,2026-10-06 21:46:55
OTC,GPBank,"<span class=""text-green"">0,50</span>","3,45","3,55","4,90","5,00","5,20","5,20","5,20","5,20","5,20",2026-10-06 18:50:22,2026-10-06 21:46:55
OTC,Hong Leong,-,"4,50","<span class=""text-green"">4,75</span>","6,30","6,30","6,50","6,00","6,00","6,00","6,00",2026-10-06 18:50:22,2026-10-06 21:46:55
OTC,Indovina,-,"4,45","4,55","6,15","6,15","6,55","6,70","6,70","6,70",-,2026-10-06 18:50:22,2026-10-06 21:46:55
OTC,Kiên Long,"<span class=""text-green"">0,50</span>","3,50","3,50","5,30","4,90","5,50","5,15","5,05","5,05","5,10",2026-10-06 18:50:22,2026-10-06 21:46:55
OTC,MSB,-,"4,50","4,50","6,10","6,10","6,50","6,30","6,30","6,30","5,80",2026-10-06 18:50:22,2026-10-06 21:46:55
OTC,MB,"0,10","3,20","3,60","4,20","4,20","4,85","<span class=""text-red"">4,85</span>","4,85","5,70","5,70",2026-10-06 18:50:22,2026-10-06 21:46:55
OTC,Nam Á Bank,"<span class=""text-green"">0,50</span>",-,-,-,-,-,"6,30","6,30",-,-,2026-10-06 18:50:22,2026-10-06 21:46:55
OTC,OCB,"<span class=""text-red"">0,00</span>","<span class=""text-green"">4,75</span>","<span class=""text-green"">4,75</span>","6,40","6,40","6,70","6,40","6,60","6,80","<span class=""text-green"">7,00</span>",2026-10-06 18:50:22,2026-10-06 21:46:55
OTC,oceanbank,"<span class=""text-green"">0,50</span>","4,00","4,30","5,30","5,40","5,70","5,70","6,10","6,10","6,10",2026-10-06 18:50:22,2026-10-06 21:46:55
OTC,PGBank,-,"<span class=""text-green"">4,75</span>","<span class=""text-green"">4,75</span>","6,60","6,60","6,70","6,70","6,80","6,80","6,80",2026-10-06 18:50:22,2026-10-06 21:46:55
OTC,PublicBank,"0,10","<span class=""text-green"">4,75</span>","<span class=""text-green"">4,75</span>","6,00","6,20","6,50","6,70","<span class=""text-green"">7,00</span>","6,50","6,00",2026-10-06 18:50:22,2026-10-06 21:46:55
OTC,PVcomBank,-,"3,00","3,30","4,20","4,40","<span class=""text-green"">9,00</span>","<span class=""text-green"">9,00</span>","5,30","5,30","5,30",2026-10-06 18:50:22,2026-10-06 21:46:55
OTC,Saigonbank,"0,10","<span class=""text-green"">4,75</span>","<span class=""text-green"">4,75</span>","6,40","6,20","6,70","7,90","6,50","6,00","6,10",2026-10-06 18:50:22,2026-10-06 21:46:55
OTC,SCB,"0,01","<span class=""text-red"">1,60</span>","<span class=""text-red"">1,90</span>","<span class=""text-red"">2,90</span>","<span class=""text-red"">2,90</span>","<span class=""text-red"">3,70</span>",-,"<span class=""text-red"">3,90</span>","<span class=""text-red"">3,90</span>","<span class=""text-red"">3,90</span>",2026-10-06 18:50:22,2026-10-06 21:46:55
OTC,SeABank,-,"2,95","3,45","3,75","3,95","4,50",-,"5,45","5,45","5,45",2026-10-06 18:50:22,2026-10-06 21:46:55
OTC,SHB,-,-,-,-,-,-,-,-,-,-,2026-10-06 18:50:22,2026-10-06 21:46:55
OTC,TPBank,-,"4,20","4,20","5,50",-,-,-,"5,90",-,"6,00",2026-10-06 18:50:22,2026-10-06 21:46:55
OTC,VCBNeo,"<span class=""text-green"">0,50</span>","4,45","4,45","6,50","6,50","6,50","6,50","6,50","6,50","6,50",2026-10-06 18:50:22,2026-10-06 21:46:55
OTC,VIB,-,"4,45","4,55","5,70","5,80","7,00",-,"5,90","6,00","6,00",2026-10-06 18:50:22,2026-10-06 21:46:55
OTC,VietCapitalBank,-,"<span class=""text-green"">4,75</span>","<span class=""text-green"">4,75</span>","6,45","6,45","6,65",-,"6,45","6,45","5,90",2026-10-06 18:50:22,2026-10-06 21:46:55
OTC,Vietcombank,"0,10","2,10","2,40","3,50","3,50","5,90",-,-,"6,00","5,30",2026-10-06 18:50:22,2026-10-06 21:46:55
OTC,VietinBank,"0,10","2,10","2,40","3,50","3,50","5,90",-,"5,90","6,00","6,00",2026-10-06 18:50:22,2026-10-06 21:46:55
OTC,VPBank,-,"<span class=""text-green"">4,75</span>",-,"7,00",-,"7,10",-,-,"<span class=""text-green"">7,10</span>",-,2026-10-06 18:50:22,2026-10-06 21:46:55
OTC,VRB,"0,20","4,30","4,30","5,10","5,20","6,80","5,90","5,90","5,90","5,90",2026-10-06 18:50:22,2026-10-06 21:46:55
Online,Bắc Á,"<span class=""text-green"">0,50</span>","<span class=""text-green"">4,75</span>","<span class=""text-green"">4,75</span>","<span class=""text-green"">7,15</span>","<span class=""text-green"">7,15</span>","<span class=""text-green"">7,20</span>","<span class=""text-green"">7,05</span>","<span class=""text-green"">7,05</span>","<span class=""text-green"">7,05</span>","7,05",2026-10-06 18:50:22,2026-10-06 21:46:55
Online,Bảo Việt,-,"<span class=""text-green"">4,75</span>","<span class=""text-green"">4,75</span>","6,40","6,40","6,50","6,50","6,50","6,50","6,50",2026-10-06 18:50:22,2026-10-06 21:46:55
Online,GPBank,"<span class=""text-green"">0,50</span>","3,95","4,05","5,65","5,75","5,95","5,95","5,95","5,95","5,95",2026-10-06 18:50:22,2026-10-06 21:46:55
Online,Hong Leong,-,"4,60","<span class=""text-green"">4,75</span>","6,30","6,30","6,50","6,00",-,-,-,2026-10-06 18:50:22,2026-10-06 21:46:55
Online,Kiên Long,-,"4,20","4,20","5,50","5,20","5,50","5,35","5,15","5,15","5,15",2026-10-06 18:50:22,2026-10-06 21:46:55
Online,MSB,"<span class=""text-red"">0,00</span>","<span class=""text-green"">4,75</span>","<span class=""text-green"">4,75</span>","6,30","6,30","6,80","6,60","6,60","6,60","6,10",2026-10-06 18:50:22,2026-10-06 21:46:55
Online,MB,-,"3,70","4,00","4,50","4,50","4,95","4,95","4,95","5,90","5,90",2026-10-06 18:50:22,2026-10-06 21:46:55
Online,Nam Á Bank,-,"4,60","<span class=""text-green"">4,75</span>","6,10","6,20","6,30","6,30","6,30","6,30","6,30",2026-10-06 18:50:22,2026-10-06 21:46:55
Online,OCB,"<span class=""text-red"">0,00</span>","<span class=""text-green"">4,75</span>","<span class=""text-green"">4,75</span>","6,50","6,50","6,80","6,50","6,70","6,90","<span class=""text-green"">7,10</span>",2026-10-06 18:50:22,2026-10-06 21:46:55
Online,oceanbank,"<span class=""text-green"">0,50</span>","4,10","4,40","5,40","5,50","5,80","5,80","6,10","6,10","6,10",2026-10-06 18:50:22,2026-10-06 21:46:55
Online,SCB,-,"<span class=""text-red"">1,60</span>","<span class=""text-red"">1,90</span>","<span class=""text-red"">2,90</span>","<span class=""text-red"">2,90</span>","<span class=""text-red"">3,70</span>","<span class=""text-red"">3,90</span>","<span class=""text-red"">3,90</span>","<span class=""text-red"">3,90</span>","<span class=""text-red"">3,90</span>",2026-10-06 18:50:22,2026-10-06 21:46:55
Online,SHB,-,"2,80","3,00","4,20","4,40","4,90","5,00","5,20","5,50","5,80",2026-10-06 18:50:22,2026-10-06 21:46:55
Online,TPBank,-,"<span class=""text-green"">4,75</span>","<span class=""text-green"">4,75</span>","6,00",-,"6,20",-,"6,20","6,30","6,30",2026-10-06 18:50:22,2026-10-06 21:46:55
Online,VCBNeo,-,"4,45","4,45","6,50","6,50","6,50","6,50","6,50","6,50","6,50",2026-10-06 18:50:22,2026-10-06 21:46:55
Online,VIB,-,"4,45","4,55","5,70","5,80","7,00",-,"5,90","6,00","6,00",2026-10-06 18:50:22,2026-10-06 21:46:55
Online,VietCapitalBank,-,"<span class=""text-green"">4,75</span>","<span class=""text-green"">4,75</span>","6,70","6,70","6,90",-,"6,70","6,70",-,2026-10-06 18:50:22,2026-10-06 21:46:55
