period_str,cpi_yoy_str,cpi_mom_str,status
Tháng 1/2020,"2,89%","0,93%",Chính thức
Tháng 2/2020,"4,29%",,Chính thức
Tháng 3/2020,"2,74%","0,88%",Chính thức
Tháng 4/2020,"4,29%","0,09%",Chính thức
Tháng 5/2020,"2,74%","0,12%",Chính thức
Tháng 6/2020,"3,11%","-0,01%",Chính thức
Tháng 7/2020,"2,59%","1,09%",Chính thức
Tháng 8/2020,"2,84%","0,82%",Chính thức
Tháng 9/2020,"3,32%","-0,02%",Chính thức
Tháng 10/2020,"3,87%","-0,36%",Chính thức
Tháng 11/2020,"4,04%","0,04%",Chính thức
Tháng 12/2020,"2,87%","0,54%",Chính thức
Tháng 1/2021,"4,44%","0,51%",Chính thức
Tháng 2/2021,"4,23%","1,19%",Chính thức
Tháng 3/2021,"3,36%","0,89%",Chính thức
Tháng 4/2021,"3,15%","0,54%",Chính thức
Tháng 5/2021,"2,9%","0,27%",Chính thức
Tháng 6/2021,"3,21%","0,37%",Chính thức
Tháng 7/2021,"3,54%","-0,11%",Chính thức
Tháng 8/2021,"3,51%","0,8%",Chính thức
Tháng 9/2021,"4,07%","0,47%",Chính thức
Tháng 10/2021,"2,55%","0,99%",Chính thức
Tháng 11/2021,"2,86%","-0,14%",Chính thức
Tháng 12/2021,"4,18%","0,06%",Chính thức
Tháng 1/2022,"2,98%","0,76%",Chính thức
Tháng 2/2022,"3,07%","0,61%",Chính thức
Tháng 3/2022,"4,13%","0,81%",Chính thức
Tháng 4/2022,"2,74%","1,17%",Chính thức
Tháng 5/2022,"3,68%","0,7%",Chính thức
Tháng 6/2022,"2,59%","1,04%",Chính thức
Tháng 7/2022,"3,96%","-0,08%",Chính thức
Tháng 8/2022,"2,91%","0,07%",Chính thức
Tháng 9/2022,"3,72%","0,22%",Chính thức
Tháng 10/2022,"2,6%","0,04%",Chính thức
Tháng 11/2022,"3,49%","0,54%",Chính thức
Tháng 12/2022,"4,43%","1,19%",Chính thức
Tháng 1/2023,"3,35%","-0,17%",Chính thức
Tháng 2/2023,"3,53%","-0,26%",Chính thức
Tháng 3/2023,"2,75%","0,65%",Chính thức
Tháng 4/2023,"3,84%","-0,47%",Chính thức
Tháng 5/2023,"2,73%","-0,25%",Chính thức
Tháng 6/2023,"2,89%","0,48%",Chính thức
Tháng 7/2023,"4,33%","-0,22%",Chính thức
Tháng 8/2023,"3,41%","-0,41%",Chính thức
Tháng 9/2023,"4,12%","0,37%",Chính thức
Tháng 10/2023,"3,07%","0,21%",Chính thức
Tháng 11/2023,"3,46%","0,1%",Chính thức
Tháng 12/2023,"3,47%","0,38%",Chính thức
Tháng 1/2024,"4,28%","0,91%",Chính thức
Tháng 2/2024,"3,1%","0,99%",Chính thức
Tháng 3/2024,"3,85%","-0,27%",Chính thức
Tháng 4/2024,"3,23%","0,03%",Chính thức
Tháng 5/2024,"3,93%","1,01%",Chính thức
Tháng 6/2024,"2,56%","0,63%",Chính thức
Tháng 7/2024,"4,07%","-0,27%",Chính thức
Tháng 8/2024,"3,6%","-0,48%",Chính thức
Tháng 9/2024,"4,21%","0,85%",Chính thức
Tháng 10/2024,"2,53%","0,59%",Chính thức
Tháng 11/2024,"3,43%","-0,15%",Chính thức
Tháng 12/2024,"2,73%","1,08%",Chính thức
Tháng 1/2025,"4,21%","1,18%",Chính thức
Tháng 2/2025,"2,82%","0,67%",Chính thức
Tháng 3/2025,"3,14%","-0,29%",Chính thức
Tháng 4/2025,"2,98%","1,17%",Chính thức
Tháng 5/2025,"3,97%","0,03%",Chính thức
Tháng 6/2025,"4,21%","-0,21%",Chính thức
Tháng 7/2025,"4,3%","-0,12%",Chính thức
Tháng 8/2025,"3,53%","0,32%",Chính thức
Tháng 9/2025,"3,01%","0,27%",Chính thức
Tháng 10/2025,"2,51%","0,13%",Chính thức
Tháng 11/2025,"3,16%","0,83%",Chính thức
Tháng 12/2025,"2,74%","1,18%",Chính thức
Tháng 1/2026,"3,53%","1,16%",Số liệu sơ bộ
Tháng 2/2026,"3,52%","-0,19%",Số liệu sơ bộ
Tháng 3/2026,"4,45%","0,04%",Số liệu sơ bộ
Tháng 4/2026,"3,66%","0,94%",Số liệu sơ bộ
Tháng 5/2026,"4,03%","0,8%",Số liệu sơ bộ
Tháng 6/2026,"4,0%","1,16%",Số liệu sơ bộ
Tháng 7/2026,"3,21%","-0,32%",Số liệu sơ bộ
Tháng 8/2026,"4,12%","0,0%",Số liệu sơ bộ
Tháng 9/2026,"4,14%","0,29%",Số liệu sơ bộ
Tháng 10/2026,"2,81%","-0,21%",Số liệu sơ bộ
